claim_id,model,dealer,mileage,repair_cost,failure_code,claim_date
1,F150,D47,108290,277,P0401,2025-12-31
2,F150,D11,126031,516,P0301,2025-07-21
3,F150,D30,90680,638,P0401,2025-11-01
4,F150,D9,26471,303,P0340,2025-11-16
5,F150,D40,22987,291,P0301,2025-11-28
6,F150,D35,10342,494,P0171,2025-05-26
7,F150,D2,62138,512,P0300,2025-05-04
8,F150,D48,103384,453,P0301,2026-01-17
9,F150,D46,84058,373,B0100,2026-02-17
10,F150,D8,96017,629,P0340,2026-03-04
11,F150,D11,115115,358,P0340,2025-04-19
12,F150,D20,125517,695,C0040,2025-04-11
13,F150,D7,75800,745,B0100,2025-10-24
14,F150,D38,89490,338,P0133,2025-11-06
15,F150,D2,126820,638,P0133,2025-09-25
16,F150,D49,52668,613,P0340,2025-10-18
17,F150,D37,77422,779,P0171,2025-11-07
18,F150,D32,122486,345,P0401,2025-03-21
19,F150,D36,68780,627,C0040,2025-09-15
20,F150,D16,116543,588,P0133,2025-10-23
21,F150,D45,85379,373,P0340,2026-01-08
22,F150,D31,145473,439,P0133,2025-10-20
23,F150,D42,142530,352,P0128,2025-11-14
24,F150,D50,99602,264,P0300,2025-10-21
25,F150,D4,81581,379,P0133,2026-01-17
26,F150,D37,79537,701,P0420,2025-11-01
27,F150,D8,44774,561,P0301,2026-01-09
28,F150,D5,114097,481,P0401,2025-07-23
29,F150,D26,121056,689,B0100,2026-02-08
30,F150,D32,31013,462,P0128,2025-04-06
31,F150,D49,26282,427,P0300,2026-03-09
32,F150,D37,112090,731,P0301,2025-10-14
33,F150,D41,79112,714,P0301,2025-10-26
34,F150,D4,56857,480,P0128,2025-12-28
35,F150,D4,85638,545,P0133,2025-03-23
36,F150,D11,84715,528,P0133,2025-07-29
37,F150,D39,118253,-506,P0301,2025-03-30
38,F150,D3,10438,525,P0300,2025-07-13
39,F150,D42,128210,591,P0171,2025-12-18
40,F150,D29,91456,757,P0401,2025-06-02
41,F150,D18,14619,572,P0171,2025-08-16
42,F150,D12,139898,251,C0040,2025-07-17
43,F150,D38,113330,780,P0133,2025-04-24
44,F150,D28,120878,458,P0300,2025-10-14
45,F150,D41,119849,746,B0100,2025-11-08
46,F150,D32,46517,264,P0171,2025-11-15
47,F150,D6,34743,370,P0300,2025-06-28
48,F150,D33,128789,398,B0100,2025-06-23
49,F150,D46,40784,532,P0401,2025-09-17
50,F150,D18,138100,252,P0128,2025-05-14
51,F150,D27,133356,707,P0340,2025-09-21
52,F150,D31,149681,636,P0340,2025-12-04
53,F150,D37,NA,734,P0401,2025-08-25
54,F150,D25,44873,287,B0100,2025-09-22
55,F150,D15,31309,700,P0133,2026-03-03
56,F150,D50,42789,408,P0128,2025-09-18
57,F150,D45,132912,286,P0301,2025-04-21
58,F150,D26,80334,342,P0171,2025-04-20
59,F150,D42,31347,556,P0420,2025-09-25
60,F150,D6,19711,633,P0301,2025-06-12
61,F150,D22,113016,434,P0171,2025-05-02
62,F150,D44,105281,496,B0100,2025-12-27
63,F150,D35,65866,510,P0420,2025-07-15
64,F150,D25,80400,411,P0340,2025-05-14
65,F150,D21,83421,684,P0133,2025-10-07
66,F150,D41,57223,744,P0401,2025-05-22
67,F150,D37,108758,300,P0133,2025-10-15
68,F150,D19,65324,610,P0301,2025-04-27
69,F150,D45,70700,390,P0420,2025-10-03
70,F150,D49,NA,623,P0171,2025-10-10
71,F150,D2,90647,429,C0040,2025-09-04
72,F150,D43,144159,529,P0128,2025-07-07
73,F150,D48,41898,481,P0401,2025-05-29
74,F150,D22,100885,-654,C0040,2026-01-06
75,F150,D8,124219,518,P0340,2026-01-14
76,F150,D30,66295,585,P0301,2025-04-13
77,F150,D5,21571,725,P0128,2025-04-12
78,F150,D8,30478,800,P0133,2025-09-02
79,F150,D9,146608,408,P0171,2025-07-03
80,F150,D3,111985,536,P0340,2025-11-19
81,F150,D48,121230,491,P0171,2025-03-24
82,F150,D20,101294,617,P0128,2025-12-03
83,F150,D32,37023,715,P0301,2025-04-16
84,F150,D50,10598,591,P0300,2025-05-25
85,F150,D5,61610,488,P0300,2025-05-09
86,F150,D49,5743,398,C0040,2025-11-02
87,F150,D36,50743,276,P0340,2025-11-09
88,F150,D14,NA,521,P0401,2025-06-14
89,F150,D48,129845,620,P0171,2025-07-22
90,F150,D5,137078,294,C0040,2025-10-07
91,F150,D42,133521,704,P0171,2025-09-27
92,F150,D2,43884,531,B0100,2025-06-03
93,F150,D4,90245,793,C0040,2025-05-05
94,F150,D31,117774,367,C0040,2025-11-20
95,F150,D26,117740,483,P0133,2025-08-18
96,F150,D28,114049,570,P0128,2025-08-31
97,F150,D44,45013,735,P0171,2026-01-22
98,F150,D7,118213,631,C0040,2026-02-08
99,F150,D36,80400,610,C0040,2025-11-22
100,F150,D50,45561,479,P0340,2025-05-30
101,F150,D22,101353,535,P0401,2025-05-27
102,F150,D43,11882,-523,P0128,2025-03-16
103,F150,D8,85998,-609,P0300,2025-05-25
104,F150,D27,110063,281,C0040,2025-11-20
105,F150,D23,103617,599,P0128,2025-09-25
106,F150,D47,27270,409,B0100,2026-02-13
107,F150,D28,26386,684,P0133,2025-08-10
108,F150,D4,76609,774,P0401,2026-01-13
109,F150,D44,NA,654,P0420,2026-03-07
110,F150,D38,58588,466,P0128,2025-10-13
111,F150,D32,91015,759,P0300,2026-01-03
112,F150,D34,104669,485,P0340,2026-02-02
113,F150,D43,109089,293,P0133,2026-01-30
114,F150,D37,114495,-664,P0340,2025-12-13
115,F150,D28,125611,620,P0171,2025-11-06
116,F150,D50,119209,786,P0128,2025-09-18
117,F150,D26,63083,422,P0171,2025-06-12
118,F150,D46,138680,607,P0300,2025-11-10
119,F150,D41,31949,452,P0300,2025-04-09
120,F150,D12,134529,709,B0100,2025-04-15
121,F150,D50,89727,573,P0171,2025-07-13
122,F150,D41,86371,288,P0128,2026-01-30
123,F150,D20,28670,769,B0100,2025-05-31
124,F150,D18,15753,442,P0133,2025-06-27
125,F150,D38,44547,711,P0340,2026-01-26
126,F150,D4,137264,290,P0133,2025-07-29
127,F150,D23,142381,412,P0128,2025-08-24
128,F150,D33,112156,303,P0340,2026-02-05
129,F150,D5,91426,645,B0100,2025-12-24
130,F150,D6,107749,336,P0401,2025-04-15
131,F150,D38,91108,789,P0401,2025-06-23
132,F150,D43,NA,566,P0301,2025-09-17
133,F150,D10,132473,390,P0128,2026-01-18
134,F150,D23,138087,789,P0340,2025-04-28
135,F150,D20,39353,407,B0100,2025-12-16
136,F150,D3,122683,494,P0133,2025-12-01
137,F150,D27,101427,701,P0128,2025-08-27
138,F150,D24,136833,415,B0100,2025-12-30
139,F150,D44,70536,742,C0040,2026-01-17
140,F150,D16,140242,541,P0300,2025-10-22
141,F150,D29,122786,400,P0171,2025-11-17
142,F150,D40,123260,277,P0401,2025-06-26
143,F150,D19,103031,333,P0420,2025-09-28
144,F150,D46,92894,390,P0133,2025-03-19
145,F150,D42,41383,730,P0420,2026-01-29
146,F150,D17,61532,790,P0128,2025-11-09
147,F150,D8,124829,761,P0420,2025-04-21
148,F150,D4,140102,397,P0420,2025-04-30
149,F150,D16,97488,676,P0171,2025-06-15
150,F150,D27,99530,788,C0040,2025-05-31
151,F150,D41,10330,731,P0401,2025-08-31
152,F150,D48,32174,590,P0340,2025-06-04
153,F150,D2,93748,429,P0133,2025-03-19
154,F150,D23,130444,388,P0133,2026-02-20
155,F150,D5,81924,454,P0340,2025-10-03
156,F150,D16,140104,734,P0301,2025-10-15
157,F150,D50,101474,659,P0401,2025-09-18
158,F150,D4,53973,759,C0040,2025-10-25
159,F150,D42,26656,330,P0300,2025-06-04
160,F150,D22,82009,331,P0128,2025-10-05
161,F150,D18,121894,686,P0133,2025-09-12
162,F150,D8,NA,611,P0401,2025-10-21
163,Escape,D5,111485,413,P0300,2025-05-03
164,Escape,D3,13489,710,P0340,2025-07-26
165,Escape,D9,25155,792,P0340,2025-04-12
166,Escape,D5,78056,-366,P0300,2025-06-28
167,Escape,D16,140723,370,P0128,2025-03-15
168,Escape,D42,121987,542,P0133,2025-11-28
169,Escape,D24,37148,325,P0133,2026-01-25
170,Escape,D45,88778,316,P0128,2025-10-08
171,Escape,D25,46289,428,C0040,2025-11-16
172,Escape,D13,67058,276,B0100,2025-09-03
173,Escape,D9,127527,382,P0171,2026-02-05
174,Escape,D26,112687,325,P0340,2025-04-16
175,Escape,D46,24441,779,C0040,2025-04-17
176,Escape,D47,52700,382,P0420,2026-01-06
177,Escape,D31,140817,418,P0301,2025-09-14
178,Escape,D34,141025,330,C0040,2025-10-21
179,Escape,D41,144848,422,B0100,2025-12-22
180,Escape,D20,49879,595,B0100,2026-02-17
181,Escape,D40,12437,521,B0100,2025-08-09
182,Escape,D41,111454,324,P0300,2025-07-28
183,Escape,D2,113952,458,P0300,2025-10-01
184,Escape,D32,88706,603,P0300,2025-09-02
185,Escape,D50,139998,576,P0171,2025-10-25
186,Escape,D35,122858,349,P0401,2025-04-29
187,Escape,D19,114611,413,B0100,2025-10-01
188,Escape,D42,54763,760,P0133,2025-06-28
189,Escape,D20,85882,342,C0040,2025-07-19
190,Escape,D31,68105,611,P0128,2025-06-30
191,Escape,D16,128361,258,P0401,2026-01-01
192,Escape,D47,110010,449,P0128,2026-02-01
193,Escape,D24,106279,536,B0100,2025-03-27
194,Escape,D49,36145,349,P0340,2025-05-29
195,Escape,D26,100841,453,P0401,2025-06-27
196,Escape,D3,NA,390,P0133,2025-06-18
197,Escape,D10,108010,556,C0040,2025-06-23
198,Escape,D39,144549,556,P0420,2025-09-03
199,Escape,D33,91832,676,P0420,2025-05-09
200,Escape,D9,129410,483,B0100,2025-07-08
201,Escape,D21,49698,639,P0301,2026-02-22
202,Escape,D40,33808,701,P0300,2025-08-11
203,Escape,D46,58448,732,P0420,2025-03-14
204,Escape,D11,41197,582,P0133,2025-06-14
205,Escape,D21,74300,446,P0128,2025-05-29
206,Escape,D12,83249,554,P0301,2025-03-22
207,Escape,D30,133189,607,P0128,2025-10-14
208,Escape,D35,36948,638,P0401,2025-09-15
209,Escape,D22,43397,544,P0171,2025-09-14
210,Escape,D47,120966,740,C0040,2025-10-23
211,Escape,D23,76203,495,C0040,2025-11-15
212,Escape,D4,128837,-390,C0040,2025-12-20
213,Escape,D7,111668,737,P0301,2025-10-14
214,Escape,D27,89192,310,P0171,2025-04-11
215,Escape,D22,65875,288,P0300,2025-08-09
216,Escape,D3,53840,546,P0420,2025-10-09
217,Escape,D26,33128,593,C0040,2025-06-15
218,Escape,D32,134476,387,P0133,2025-10-22
219,Escape,D8,125301,-440,P0340,2025-10-10
220,Escape,D22,55636,665,C0040,2025-09-24
221,Escape,D11,27737,347,P0300,2025-07-09
222,Escape,D47,89830,256,P0301,2025-07-25
223,Escape,D22,7997,618,P0420,2025-04-03
224,Escape,D20,35991,413,C0040,2025-03-15
225,Escape,D38,86521,552,P0301,2025-11-18
226,Escape,D47,40014,715,B0100,2025-08-31
227,Escape,D37,114011,732,P0301,2025-11-04
228,Escape,D6,148562,457,P0300,2025-12-16
229,Escape,D34,91014,702,P0301,2025-05-16
230,Escape,D29,133143,772,P0420,2025-07-21
231,Escape,D49,39588,717,C0040,2025-07-17
232,Escape,D46,85784,655,P0420,2025-11-19
233,Escape,D24,NA,602,C0040,2026-02-08
234,Escape,D5,23092,733,P0401,2025-12-08
235,Escape,D37,40501,680,P0401,2025-07-24
236,Escape,D8,103958,386,P0340,2026-01-09
237,Escape,D4,51785,652,P0301,2026-03-09
238,Escape,D20,126373,684,P0301,2025-11-04
239,Escape,D23,9101,318,P0420,2025-07-25
240,Escape,D10,17760,295,P0301,2025-06-07
241,Escape,D18,61955,307,P0128,2025-11-11
242,Escape,D13,88598,578,P0300,2025-04-06
243,Escape,D8,141642,557,C0040,2025-05-12
244,Escape,D3,50910,687,P0420,2025-09-15
245,Escape,D43,104917,576,P0401,2025-12-24
246,Escape,D27,83613,800,P0301,2025-10-08
247,Escape,D30,113180,792,P0301,2025-10-31
248,Escape,D4,58303,330,P0340,2026-01-22
249,Escape,D36,145413,445,P0401,2025-03-31
250,Escape,D39,92284,265,P0301,2026-01-09
251,Escape,D3,130546,459,P0301,2025-06-01
252,Escape,D5,89309,639,P0340,2025-10-04
253,Escape,D13,73566,759,P0133,2025-09-28
254,Escape,D38,58248,673,P0301,2025-12-26
255,Escape,D43,9251,677,P0301,2025-09-23
256,Escape,D36,65298,501,P0340,2025-10-30
257,Escape,D14,133089,752,P0340,2025-12-14
258,Escape,D31,41689,750,C0040,2025-04-16
259,Escape,D45,20396,326,P0420,2026-03-07
260,Escape,D9,62336,632,B0100,2025-07-06
261,Escape,D41,NA,794,P0420,2026-03-02
262,Escape,D15,143783,798,P0420,2025-06-26
263,Escape,D5,117872,433,P0171,2025-06-15
264,Escape,D46,44032,789,P0340,2025-10-25
265,Escape,D10,109044,665,P0301,2025-03-19
266,Escape,D1,64207,332,P0420,2026-01-22
267,Escape,D25,49927,694,P0340,2025-05-25
268,Escape,D50,29998,293,B0100,2025-07-10
269,Escape,D36,NA,326,P0128,2025-06-05
270,Escape,D31,13625,-572,P0301,2025-05-14
271,Escape,D4,42798,657,P0128,2025-12-17
272,Escape,D41,68038,648,C0040,2025-09-22
273,Escape,D1,105622,393,P0171,2025-06-27
274,Escape,D4,108993,-584,P0128,2025-07-23
275,Escape,D7,133608,634,B0100,2025-04-06
276,Escape,D28,104633,552,P0171,2026-01-27
277,Escape,D15,75247,407,P0340,2025-09-07
278,Escape,D5,32931,565,P0128,2026-01-17
279,Escape,D22,39735,691,C0040,2025-06-21
280,Escape,D7,90047,262,P0401,2026-01-26
281,Escape,D2,68633,423,P0300,2025-12-29
282,Escape,D6,75495,754,P0300,2025-07-31
283,Escape,D23,77341,745,P0340,2025-11-02
284,Escape,D36,69642,757,P0301,2025-07-19
285,Escape,D48,33042,256,P0340,2025-04-27
286,Escape,D39,104585,587,P0401,2025-04-11
287,Escape,D9,88660,752,P0301,2025-09-25
288,Escape,D20,103580,652,B0100,2025-11-28
289,Escape,D21,148033,277,P0133,2025-03-13
290,Escape,D39,59958,548,P0171,2025-08-13
291,Escape,D45,135889,560,P0300,2025-08-06
292,Escape,D13,103825,740,C0040,2025-06-24
293,Escape,D31,114655,618,C0040,2025-05-10
294,Escape,D48,27277,504,P0340,2025-12-15
295,Escape,D12,16612,659,P0340,2025-08-02
296,Escape,D26,NA,514,C0040,2025-05-29
297,Escape,D45,95431,744,P0401,2026-01-26
298,Escape,D37,35426,395,P0340,2025-07-20
299,Escape,D15,59229,606,P0133,2025-03-19
300,Escape,D29,123606,557,P0171,2026-02-27
301,Escape,D24,94935,418,P0301,2025-06-19
302,Escape,D26,50731,588,P0133,2025-11-12
303,Escape,D30,111180,440,P0401,2025-08-20
304,Escape,D38,12652,452,P0401,2025-08-23
305,Escape,D33,6166,460,P0171,2025-05-19
306,Escape,D10,31673,799,P0340,2025-11-30
307,Escape,D8,106879,366,P0133,2025-04-28
308,Escape,D17,50227,554,B0100,2026-01-26
309,Escape,D43,40113,494,P0300,2025-08-31
310,Escape,D32,42056,678,B0100,2025-08-26
311,Escape,D34,115897,800,P0300,2025-05-30
312,Escape,D41,48742,393,P0133,2025-04-27
313,Escape,D21,19053,259,P0301,2025-08-26
314,Escape,D39,137497,668,P0401,2025-03-12
315,Bronco,D32,77051,545,P0133,2025-05-25
316,Bronco,D11,134843,365,P0128,2025-06-05
317,Bronco,D6,101170,292,P0133,2025-06-04
318,Bronco,D37,62289,354,P0301,2025-10-09
319,Bronco,D2,13449,606,P0171,2025-07-29
320,Bronco,D15,35772,492,B0100,2025-03-23
321,Bronco,D19,96915,688,P0300,2025-11-25
322,Bronco,D3,59248,609,B0100,2025-06-08
323,Bronco,D21,80846,776,P0171,2025-12-31
324,Bronco,D46,112897,533,P0300,2025-03-16
325,Bronco,D19,39784,579,P0401,2025-07-03
326,Bronco,D37,113586,327,P0171,2025-08-16
327,Bronco,D41,140164,627,P0133,2025-09-24
328,Bronco,D18,5648,345,P0133,2025-04-19
329,Bronco,D5,134686,540,B0100,2026-01-03
330,Bronco,D35,132228,299,P0133,2026-03-02
331,Bronco,D26,37568,411,P0420,2025-08-03
332,Bronco,D14,58036,385,P0128,2025-12-19
333,Bronco,D28,76832,619,P0340,2025-04-04
334,Bronco,D47,48391,562,P0301,2025-08-03
335,Bronco,D46,5284,329,P0301,2025-06-18
336,Bronco,D7,NA,601,P0401,2025-03-20
337,Bronco,D31,105419,354,P0340,2025-10-08
338,Bronco,D5,40947,386,P0300,2026-02-03
339,Bronco,D15,144069,418,P0301,2025-04-23
340,Bronco,D27,120968,338,P0300,2026-01-06
341,Bronco,D40,105671,689,P0300,2025-11-04
342,Bronco,D44,77605,504,B0100,2025-05-03
343,Bronco,D50,58856,771,P0401,2025-10-10
344,Bronco,D45,19304,495,P0171,2025-11-07
345,Bronco,D2,135962,322,P0420,2025-09-07
346,Bronco,D43,87961,680,P0300,2025-07-12
347,Bronco,D20,NA,-319,P0301,2026-02-18
348,Bronco,D26,137804,763,P0401,2025-03-16
349,Bronco,D6,26914,773,P0300,2025-06-09
350,Bronco,D41,90655,317,P0401,2025-11-08
351,Bronco,D35,20179,694,B0100,2025-05-03
352,Bronco,D48,19425,429,P0300,2025-03-16
353,Bronco,D40,7975,605,P0128,2025-12-15
354,Bronco,D10,102483,525,P0171,2026-02-23
355,Bronco,D18,92821,528,P0128,2025-03-11
356,Bronco,D41,101387,355,P0171,2025-11-14
357,Bronco,D5,NA,262,P0133,2025-09-05
358,Bronco,D32,105395,433,P0420,2025-05-31
359,Bronco,D30,114935,504,P0340,2025-10-23
360,Bronco,D33,25417,372,P0420,2025-12-09
361,Bronco,D24,63506,297,P0171,2025-07-15
362,Bronco,D4,79005,568,C0040,2025-07-20
363,Bronco,D48,7089,548,P0128,2025-04-26
364,Bronco,D37,68591,755,P0301,2025-06-04
365,Bronco,D11,69258,-669,C0040,2025-09-14
366,Bronco,D22,5383,635,P0128,2026-01-16
367,Bronco,D34,20701,395,P0171,2026-02-16
368,Bronco,D16,65679,782,P0340,2025-07-19
369,Bronco,D27,27256,767,P0401,2026-01-31
370,Bronco,D32,21327,383,P0128,2025-09-30
371,Bronco,D45,24578,389,B0100,2026-01-14
372,Bronco,D48,45739,710,P0401,2026-01-08
373,Bronco,D21,145489,462,P0133,2025-10-26
374,Bronco,D49,36434,561,B0100,2026-02-18
375,Bronco,D29,61366,585,P0301,2025-09-09
376,Bronco,D18,108873,556,P0300,2026-02-23
377,Bronco,D15,111008,505,P0171,2025-12-29
378,Bronco,D1,63271,660,P0171,2025-05-16
379,Bronco,D4,72848,-326,P0171,2025-11-29
380,Bronco,D9,118549,654,P0401,2025-03-26
381,Bronco,D6,116847,469,P0128,2025-10-18
382,Bronco,D22,121919,285,B0100,2025-11-05
383,Bronco,D8,82360,740,P0128,2025-08-26
384,Bronco,D3,40975,788,C0040,2026-03-01
385,Bronco,D30,105269,617,P0133,2025-09-15
386,Bronco,D4,136699,526,P0340,2025-05-09
387,Bronco,D11,NA,537,P0133,2025-06-12
388,Bronco,D50,68216,307,P0301,2025-05-20
389,Bronco,D38,106822,427,B0100,2025-09-29
390,Bronco,D15,99052,278,P0340,2025-05-24
391,Bronco,D11,42251,442,P0133,2025-06-06
392,Bronco,D7,86016,288,P0301,2025-05-06
393,Bronco,D16,NA,-739,B0100,2025-11-27
394,Bronco,D22,89826,401,P0300,2026-01-13
395,Bronco,D46,142965,324,P0401,2025-05-14
396,Bronco,D12,31484,580,P0300,2025-07-30
397,Bronco,D42,63520,429,P0128,2026-01-04
398,Bronco,D21,51585,650,B0100,2026-02-22
399,Bronco,D12,52731,476,P0171,2025-06-29
400,Bronco,D46,41868,329,P0340,2025-12-15
401,Bronco,D36,28258,593,P0128,2025-11-23
402,Bronco,D45,70415,608,P0171,2026-03-10
403,Bronco,D40,17621,679,P0401,2025-07-01
404,Bronco,D23,104277,634,P0133,2025-05-19
405,Bronco,D11,NA,517,P0171,2025-09-16
406,Bronco,D29,49592,414,C0040,2026-01-22
407,Bronco,D5,93591,744,P0401,2025-04-10
408,Bronco,D3,48253,694,P0171,2025-09-22
409,Bronco,D13,146590,538,P0171,2026-02-13
410,Bronco,D27,107996,752,P0340,2026-03-09
411,Bronco,D45,117094,741,P0420,2025-11-25
412,Bronco,D36,49782,333,P0171,2025-10-04
413,Bronco,D31,106587,640,P0133,2026-02-16
414,Bronco,D32,74021,519,P0128,2025-05-26
415,Bronco,D43,21158,349,P0340,2025-06-06
416,Bronco,D17,113524,482,P0401,2025-06-16
417,Bronco,D6,114741,736,P0301,2025-07-10
418,Bronco,D42,83342,285,C0040,2025-05-22
419,Bronco,D35,43652,709,P0300,2025-11-22
420,Mustang,D9,119135,401,P0128,2025-09-28
421,Mustang,D3,22566,656,P0128,2025-06-17
422,Mustang,D28,125103,262,B0100,2025-05-14
423,Mustang,D6,141986,365,P0300,2025-05-24
424,Mustang,D38,74241,747,P0133,2026-02-19
425,Mustang,D49,50141,397,P0401,2026-02-19
426,Mustang,D7,108754,589,P0420,2025-07-10
427,Mustang,D48,75407,270,P0128,2025-10-02
428,Mustang,D37,78491,350,P0301,2026-01-01
429,Mustang,D47,83769,703,P0340,2025-10-24
430,Mustang,D19,114254,341,P0301,2025-08-14
431,Mustang,D35,131998,632,C0040,2025-12-19
432,Mustang,D23,22201,768,C0040,2025-05-23
433,Mustang,D27,12588,455,P0301,2026-02-22
434,Mustang,D4,109056,376,P0301,2025-09-01
435,Mustang,D24,133132,431,P0133,2025-05-14
436,Mustang,D46,149528,417,P0128,2025-03-23
437,Mustang,D13,28695,645,B0100,2025-11-21
438,Mustang,D18,63025,461,P0401,2025-06-21
439,Mustang,D49,10256,259,P0300,2025-04-13
440,Mustang,D30,50403,258,B0100,2025-10-05
441,Mustang,D33,77188,635,P0133,2025-11-01
442,Mustang,D30,109111,257,P0340,2025-05-27
443,Mustang,D20,79102,360,P0340,2025-10-20
444,Mustang,D44,90232,517,P0128,2025-12-04
445,Mustang,D34,44303,496,B0100,2025-08-16
446,Mustang,D44,82490,678,P0420,2025-05-16
447,Mustang,D9,54785,477,P0133,2025-04-01
448,Mustang,D47,98977,424,C0040,2025-12-08
449,Mustang,D2,82013,381,C0040,2025-12-07
450,Mustang,D42,92984,477,P0128,2025-08-07
451,Mustang,D32,91852,551,P0171,2025-07-13
452,Mustang,D41,23668,449,P0401,2025-06-12
453,Mustang,D27,94828,718,P0300,2026-01-28
454,Mustang,D4,132816,431,P0420,2026-03-08
455,Mustang,D10,123503,422,P0300,2025-07-03
456,Mustang,D9,28079,694,P0401,2025-08-03
457,Mustang,D13,130147,288,P0340,2026-03-03
458,Mustang,D49,70227,602,P0171,2025-08-26
459,Mustang,D34,136946,421,P0420,2025-10-09
460,Mustang,D13,81238,782,P0340,2025-07-31
461,Mustang,D2,40072,751,P0301,2025-12-16
462,Mustang,D44,NA,479,P0300,2025-11-22
463,Mustang,D1,10744,423,P0420,2025-08-30
464,Mustang,D50,17572,270,P0171,2025-08-09
465,Mustang,D35,121474,508,P0300,2025-11-25
466,Mustang,D40,7439,353,P0128,2025-04-26
467,Mustang,D4,40956,357,B0100,2026-01-09
468,Mustang,D39,79109,358,B0100,2025-11-28
469,Mustang,D34,82424,758,P0133,2025-09-22
470,Mustang,D13,NA,341,B0100,2025-04-02
471,Mustang,D23,134526,342,P0171,2026-01-18
472,Mustang,D46,72080,717,P0128,2025-10-26
473,Mustang,D27,126707,428,P0128,2025-09-07
474,Mustang,D28,41279,424,P0133,2025-04-26
475,Mustang,D48,75335,345,P0340,2025-12-07
476,Mustang,D8,34840,717,P0401,2025-03-22
477,Mustang,D7,130369,420,P0420,2025-12-19
478,Mustang,D3,32187,744,P0133,2025-12-08
479,Mustang,D1,104549,279,P0300,2025-07-06
480,Mustang,D8,8240,787,B0100,2025-05-25
481,Mustang,D27,63716,596,B0100,2026-01-21
482,Mustang,D29,118468,504,P0401,2025-12-24
483,Mustang,D3,NA,410,P0133,2025-06-30
484,Mustang,D5,48359,753,P0340,2025-10-19
485,Mustang,D17,18199,637,P0301,2026-01-29
486,Mustang,D42,125348,708,P0133,2025-07-25
487,Mustang,D21,87853,759,P0420,2026-01-17
488,Mustang,D27,84848,461,P0133,2025-09-17
489,Mustang,D3,100248,478,P0340,2025-05-28
490,Mustang,D36,129029,622,P0171,2026-01-20
491,Mustang,D48,NA,613,P0128,2025-06-03
492,Mustang,D1,141835,358,P0300,2025-07-01
493,Mustang,D6,41817,669,B0100,2025-11-30
494,Mustang,D39,54163,652,P0301,2025-09-18
495,Mustang,D49,17189,376,P0133,2025-07-19
496,Mustang,D27,137172,-760,P0420,2025-05-31
497,Mustang,D38,38654,579,P0401,2025-08-08
498,Mustang,D31,70074,601,P0133,2026-01-01
499,Mustang,D33,41223,774,C0040,2025-10-01
500,Mustang,D12,61975,547,P0300,2025-03-12
501,Mustang,D45,51612,580,P0340,2025-05-27
502,Mustang,D50,130926,677,C0040,2025-10-15
503,Mustang,D47,115726,785,P0401,2025-12-26
504,Focus,D43,19838,414,P0128,2025-12-26
505,Focus,D45,82369,283,P0133,2026-01-17
506,Focus,D44,17315,646,P0340,2025-06-01
507,Focus,D48,NA,507,P0133,2025-11-15
508,Focus,D36,101401,451,P0301,2025-10-11
509,Focus,D15,122654,326,P0300,2025-06-20
510,Focus,D42,36287,688,P0128,2026-01-03
511,Focus,D49,47186,-511,P0133,2025-03-12
512,Focus,D25,NA,580,B0100,2025-04-06
513,Focus,D16,83945,616,P0340,2025-06-14
514,Focus,D33,62661,783,C0040,2025-12-19
515,Focus,D19,114033,663,P0301,2025-11-21
516,Focus,D22,129480,259,P0340,2025-07-25
517,Focus,D24,68005,499,P0340,2025-08-27
518,Focus,D19,34720,-539,C0040,2025-08-31
519,Focus,D14,139823,706,P0128,2025-04-11
520,Focus,D40,55465,334,P0300,2025-06-08
521,Focus,D34,NA,317,P0301,2025-03-25
522,Focus,D7,NA,589,P0171,2026-02-11
523,Focus,D14,51659,322,P0301,2025-10-29
524,Focus,D35,111858,664,P0420,2025-08-23
525,Focus,D45,36013,314,B0100,2026-02-15
526,Focus,D28,24028,764,P0128,2025-05-04
527,Focus,D42,27676,698,P0420,2025-07-11
528,Focus,D5,45979,389,C0040,2025-10-10
529,Focus,D20,102813,261,C0040,2025-12-28
530,Focus,D44,NA,653,P0171,2025-10-05
531,Focus,D47,60064,602,C0040,2025-12-28
532,Focus,D12,71254,435,B0100,2026-02-11
533,Focus,D15,148878,324,P0171,2025-11-02
534,Focus,D40,30743,748,P0340,2026-01-04
535,Focus,D7,55724,711,P0128,2025-03-20
536,Focus,D19,44949,623,P0401,2025-12-14
537,Focus,D40,6266,476,P0401,2025-10-20
538,Focus,D5,99237,589,P0133,2025-07-25
539,Focus,D50,26488,393,P0301,2025-10-27
540,Focus,D20,25044,269,P0420,2025-05-17
541,Focus,D32,111203,467,C0040,2025-10-28
542,Focus,D36,147467,733,P0300,2025-09-04
543,Focus,D7,107891,547,C0040,2025-06-22
544,Focus,D12,28738,-764,P0301,2025-04-30
545,Focus,D49,121974,399,P0133,2025-09-08
546,Focus,D33,15595,749,P0128,2025-09-02
547,Focus,D9,NA,461,P0340,2025-08-24
548,Focus,D30,76695,519,B0100,2025-12-11
549,Focus,D3,103739,624,P0171,2025-06-19
550,Focus,D49,70951,478,P0340,2025-09-15
551,Focus,D42,132627,256,P0300,2025-07-28
552,Focus,D21,48412,776,P0301,2025-12-24
553,Focus,D7,53996,371,P0401,2025-09-22
554,Focus,D34,34711,740,B0100,2025-12-18
555,Focus,D41,NA,294,B0100,2025-12-18
556,Focus,D41,43499,514,C0040,2025-08-15
557,Focus,D33,9881,540,P0301,2025-07-24
558,Focus,D3,128578,424,P0401,2025-05-07
559,Focus,D38,138904,600,B0100,2025-05-12
560,Focus,D50,23046,644,P0420,2025-11-27
561,Focus,D12,142025,766,P0300,2025-05-04
562,Focus,D12,15233,794,P0171,2026-01-22
563,Focus,D31,131416,251,P0401,2025-06-16
564,Focus,D24,104938,350,P0128,2025-07-09
565,Focus,D3,65951,335,C0040,2025-08-13
566,Focus,D45,72582,257,P0171,2025-06-17
567,Focus,D34,6885,460,P0340,2025-08-13
568,Focus,D28,99966,686,P0128,2025-10-28
569,Focus,D15,145536,624,P0401,2025-11-26
570,Focus,D31,113325,744,C0040,2025-05-30
571,Focus,D17,36217,707,P0300,2026-01-18
572,Focus,D20,61218,596,B0100,2025-03-19
573,Focus,D37,18645,255,P0300,2025-07-12
574,Focus,D23,119131,519,P0171,2025-05-03
575,Focus,D46,14897,660,C0040,2025-10-15
576,Focus,D26,20063,429,P0133,2026-03-05
577,Focus,D9,57876,780,P0420,2025-05-08
578,Focus,D43,138837,487,P0420,2025-09-07
579,Focus,D42,77335,611,P0401,2025-05-14
580,Focus,D1,57510,320,C0040,2025-10-16
581,Focus,D11,96251,533,P0301,2025-07-21
582,Focus,D6,110894,517,C0040,2026-01-15
583,Focus,D5,70573,636,P0301,2025-09-18
584,Focus,D33,125284,278,P0128,2026-02-04
585,Focus,D19,105315,475,P0301,2025-09-30
586,Focus,D22,113114,778,P0128,2025-11-03
587,Focus,D8,80311,600,P0300,2025-07-10
588,Focus,D49,87279,525,P0301,2025-06-28
589,Focus,D17,57341,497,P0301,2025-11-13
590,Focus,D35,58154,614,P0171,2026-01-08
591,Focus,D37,25575,754,C0040,2026-02-17
592,Focus,D24,138990,477,P0300,2026-02-11
593,Focus,D40,142818,739,P0420,2025-06-26
594,Focus,D21,96039,428,P0171,2025-03-18
595,Focus,D32,140844,-258,P0301,2025-08-28
596,Focus,D37,31410,515,P0128,2025-11-09
597,Focus,D18,75623,601,P0133,2025-08-05
598,Focus,D47,60189,631,P0401,2025-10-18
599,Focus,D12,123155,384,P0301,2026-01-18
600,Focus,D16,43232,403,P0420,2025-12-10
601,Focus,D36,115499,779,P0340,2025-07-04
602,Focus,D28,83652,298,P0300,2026-02-08
603,Focus,D25,61483,737,P0171,2025-07-23
604,Focus,D13,92728,618,P0128,2025-09-15
605,Focus,D27,36781,453,C0040,2025-12-11
606,Focus,D23,122160,640,P0133,2025-04-21
607,Focus,D21,42971,595,B0100,2025-05-22
608,Focus,D44,111108,323,P0340,2025-11-14
609,Focus,D33,87177,548,B0100,2025-04-14
610,Focus,D32,108666,705,P0340,2025-05-14
611,Focus,D29,25988,656,P0171,2025-07-11
612,Focus,D27,148768,656,P0171,2026-01-16
613,Focus,D11,73800,336,P0401,2025-10-03
614,Focus,D12,65124,540,P0300,2026-01-02
615,Focus,D2,143082,279,P0340,2025-09-25
616,Focus,D9,129821,528,P0300,2025-03-18
617,Focus,D16,146371,717,B0100,2025-07-31
618,Focus,D43,142221,796,P0340,2025-07-07
619,Focus,D17,146470,341,P0340,2025-08-11
620,Focus,D10,40730,730,P0133,2025-07-09
621,Focus,D20,NA,690,B0100,2025-11-12
622,Focus,D1,6892,443,C0040,2025-07-30
623,Focus,D34,108481,649,P0301,2025-10-27
624,Focus,D49,25764,495,B0100,2025-03-20
625,Focus,D19,113240,320,P0128,2026-01-13
626,Focus,D42,124365,528,P0133,2025-12-04
627,Focus,D48,NA,300,P0420,2025-12-05
628,Focus,D35,31810,378,P0420,2025-11-11
629,Focus,D18,28644,755,P0401,2025-10-02
630,Focus,D24,74862,323,P0300,2025-12-02
631,Focus,D30,70556,262,P0301,2025-08-25
632,Focus,D45,121119,284,P0171,2025-06-17
633,Focus,D3,59643,569,P0300,2025-04-22
634,Focus,D22,16058,783,P0133,2025-04-18
635,Focus,D6,83332,303,P0301,2026-01-12
636,Focus,D10,66857,-582,P0128,2025-05-15
637,Focus,D4,36365,-498,P0420,2025-05-17
638,Focus,D45,28960,596,P0420,2026-02-08
639,Focus,D39,98196,799,P0300,2025-07-04
640,Focus,D10,65994,605,P0133,2025-12-02
641,Focus,D24,10597,616,P0128,2026-02-18
642,Focus,D6,132219,551,P0133,2025-12-03
643,Focus,D16,53923,581,P0128,2025-05-08
644,Focus,D11,47033,408,P0128,2025-06-06
645,Focus,D32,101236,768,P0300,2026-03-01
646,Focus,D24,135429,407,P0340,2025-08-13
647,Focus,D40,89416,785,P0420,2026-01-03
648,Focus,D16,51829,456,P0301,2026-01-19
649,Focus,D21,13340,647,C0040,2025-04-25
650,Focus,D5,NA,476,P0171,2026-03-04
651,Focus,D43,59719,331,P0420,2025-09-07
652,Focus,D35,114039,309,P0128,2025-06-13
653,Focus,D25,15656,561,P0301,2025-06-18
654,Focus,D13,30459,486,P0301,2025-12-02
655,Focus,D34,142938,433,C0040,2025-08-10
656,Fusion,D50,98837,687,P0300,2025-12-08
657,Fusion,D41,149170,595,C0040,2025-05-07
658,Fusion,D23,89790,469,C0040,2025-10-31
659,Fusion,D21,99374,708,P0420,2026-02-21
660,Fusion,D36,79575,780,P0128,2026-03-07
661,Fusion,D49,83730,469,P0420,2025-03-22
662,Fusion,D24,77340,773,B0100,2025-12-21
663,Fusion,D27,NA,614,P0128,2025-09-04
664,Fusion,D41,70498,557,P0401,2025-05-23
665,Fusion,D28,61999,582,P0300,2025-07-04
666,Fusion,D7,96207,694,P0171,2025-11-14
667,Fusion,D39,7997,641,C0040,2026-02-17
668,Fusion,D42,88706,403,P0301,2025-12-22
669,Fusion,D20,18243,652,B0100,2025-05-20
670,Fusion,D3,137311,692,P0401,2025-12-25
671,Fusion,D37,39652,737,P0420,2025-06-03
672,Fusion,D25,109645,658,P0300,2025-12-31
673,Fusion,D6,131070,749,B0100,2025-11-30
674,Fusion,D4,142428,323,P0401,2025-09-26
675,Fusion,D22,28486,673,P0340,2025-12-03
676,Fusion,D23,96676,702,P0133,2026-02-16
677,Fusion,D39,66207,632,P0171,2026-01-12
678,Fusion,D42,19296,401,P0128,2026-03-03
679,Fusion,D2,94986,363,P0133,2026-02-27
680,Fusion,D20,91999,800,C0040,2025-06-16
681,Fusion,D11,72805,394,P0420,2025-08-30
682,Fusion,D43,18915,258,P0128,2025-04-05
683,Fusion,D34,99429,269,P0401,2025-11-12
684,Fusion,D3,104798,351,P0133,2025-05-09
685,Fusion,D17,144345,453,P0133,2025-05-27
686,Fusion,D11,NA,792,P0133,2025-08-21
687,Fusion,D4,NA,610,P0128,2025-11-10
688,Fusion,D19,136400,313,P0401,2026-02-23
689,Fusion,D13,78451,599,P0300,2026-01-25
690,Fusion,D40,105193,482,B0100,2025-12-22
691,Fusion,D18,116795,587,P0300,2025-11-25
692,Fusion,D38,58034,566,C0040,2025-12-31
693,Fusion,D35,117738,398,B0100,2025-12-20
694,Fusion,D44,88229,795,P0171,2025-12-06
695,Fusion,D10,84520,530,P0301,2026-01-15
696,Fusion,D47,39483,523,B0100,2025-11-12
697,Fusion,D2,65865,276,P0133,2026-01-01
698,Fusion,D21,136681,730,P0340,2025-12-06
699,Fusion,D27,106570,390,P0301,2026-02-22
700,Fusion,D46,112109,265,P0401,2025-11-17
701,Fusion,D49,120155,751,P0133,2025-11-04
702,Fusion,D14,117081,292,P0401,2025-10-01
703,Fusion,D5,108324,799,P0420,2025-06-17
704,Fusion,D12,33656,293,P0301,2025-06-18
705,Fusion,D26,81330,561,P0128,2025-07-17
706,Fusion,D48,48643,305,P0300,2025-07-16
707,Fusion,D3,123409,762,B0100,2025-03-19
708,Fusion,D36,148237,673,P0420,2025-12-09
709,Fusion,D25,123929,456,P0171,2025-11-02
710,Fusion,D34,89954,417,P0171,2026-01-23
711,Fusion,D41,34927,621,P0401,2025-06-22
712,Fusion,D4,46916,639,P0300,2025-09-20
713,Fusion,D13,44345,398,P0420,2025-08-08
714,Fusion,D20,52368,384,P0420,2025-04-26
715,Fusion,D47,NA,759,C0040,2026-03-08
716,Fusion,D50,134359,737,P0133,2026-01-29
717,Fusion,D29,6723,534,C0040,2025-11-24
718,Fusion,D19,17823,306,P0420,2025-12-26
719,Fusion,D43,83234,339,P0401,2025-12-09
720,Fusion,D44,51509,618,P0171,2025-10-08
721,Fusion,D19,89625,638,P0401,2025-06-02
722,Fusion,D40,22019,387,P0128,2025-09-23
723,Fusion,D27,143660,745,B0100,2025-03-14
724,Fusion,D34,80284,574,B0100,2025-04-25
725,Fusion,D14,97760,758,P0133,2025-07-01
726,Fusion,D45,52161,488,P0301,2026-03-10
727,Fusion,D48,NA,370,P0301,2025-04-29
728,Fusion,D40,113693,591,P0301,2026-03-05
729,Fusion,D4,57740,510,P0128,2025-10-08
730,Fusion,D7,137825,256,P0340,2025-09-17
731,Fusion,D37,108821,279,P0301,2025-09-22
732,Fusion,D44,131221,721,C0040,2025-09-20
733,Fusion,D31,126233,673,P0420,2025-06-17
734,Fusion,D49,83471,573,P0420,2025-11-24
735,Fusion,D3,91958,612,P0300,2025-10-18
736,Fusion,D42,13171,634,P0300,2025-05-22
737,Fusion,D9,107122,369,P0128,2025-03-14
738,Fusion,D46,67296,559,P0128,2025-12-11
739,Fusion,D3,34420,288,P0171,2025-07-26
740,Fusion,D18,NA,744,P0300,2025-12-03
741,Fusion,D27,94159,786,P0340,2025-12-27
742,Fusion,D6,30756,778,P0300,2025-11-25
743,Fusion,D32,14582,784,P0128,2026-02-16
744,Fusion,D6,86826,464,P0301,2025-10-15
745,Fusion,D22,77522,701,P0128,2025-12-24
746,Fusion,D30,46286,265,C0040,2025-06-20
747,Fusion,D3,31837,608,P0128,2025-12-28
748,Fusion,D7,79256,425,B0100,2025-09-18
749,Fusion,D34,146709,-383,P0420,2026-01-15
750,Fusion,D43,105558,686,B0100,2025-05-11
751,Fusion,D20,121873,569,P0301,2025-04-01
752,Fusion,D2,144849,726,P0171,2025-03-18
753,Fusion,D37,127755,567,P0133,2025-07-13
754,Fusion,D15,100276,588,P0340,2025-07-21
755,Fusion,D10,NA,736,P0133,2025-07-17
756,Fusion,D40,49774,606,P0300,2025-06-23
757,Fusion,D17,31983,359,P0171,2025-10-07
758,Fusion,D30,131451,598,B0100,2025-08-02
759,Fusion,D26,119125,600,P0301,2025-12-12
760,Fusion,D38,25419,748,B0100,2025-07-16
761,Fusion,D27,90295,705,P0401,2026-02-03
762,Fusion,D16,33506,638,P0420,2026-01-23
763,Fusion,D40,62045,250,P0300,2025-07-22
764,Fusion,D46,144265,707,P0340,2025-10-08
765,Fusion,D36,84835,695,P0340,2026-01-24
766,Fusion,D11,7128,772,P0300,2025-10-11
767,Fusion,D24,148886,250,P0340,2026-01-13
768,Fusion,D2,108355,641,P0401,2025-06-04
769,Fusion,D16,60369,736,C0040,2025-08-26
770,Fusion,D28,99447,407,P0300,2026-01-01
771,Fusion,D45,8041,266,P0133,2025-04-08
772,Fusion,D38,119487,389,P0401,2025-07-20
773,Explorer,D28,64176,257,P0301,2025-03-11
774,Explorer,D40,136525,625,P0420,2025-05-24
775,Explorer,D12,131685,365,P0171,2025-12-28
776,Explorer,D30,142994,536,P0171,2025-06-16
777,Explorer,D33,28185,329,C0040,2025-05-18
778,Explorer,D50,86919,601,P0420,2025-07-13
779,Explorer,D36,124022,730,P0340,2025-08-07
780,Explorer,D29,97514,551,P0420,2025-03-20
781,Explorer,D25,84710,516,P0133,2025-05-18
782,Explorer,D23,49323,548,B0100,2026-02-25
783,Explorer,D32,77836,537,P0128,2026-03-03
784,Explorer,D6,34242,404,P0340,2025-12-11
785,Explorer,D9,73485,491,C0040,2026-02-22
786,Explorer,D33,94875,398,P0300,2025-06-30
787,Explorer,D5,113251,493,P0300,2025-11-23
788,Explorer,D47,129841,795,P0401,2025-07-11
789,Explorer,D23,73845,-695,P0133,2025-08-27
790,Explorer,D4,87755,292,C0040,2025-04-18
791,Explorer,D42,97753,692,P0128,2025-09-20
792,Explorer,D17,75864,350,B0100,2025-08-22
793,Explorer,D8,125876,497,B0100,2025-12-01
794,Explorer,D48,141302,434,P0420,2025-03-31
795,Explorer,D11,7221,262,C0040,2026-01-16
796,Explorer,D30,121901,540,P0420,2026-02-26
797,Explorer,D26,29101,472,P0171,2025-03-13
798,Explorer,D6,39054,439,P0300,2025-11-01
799,Explorer,D39,82219,327,P0128,2025-08-04
800,Explorer,D17,106866,311,P0128,2025-12-09
801,Explorer,D11,120494,455,P0300,2025-04-14
802,Explorer,D5,133989,691,P0171,2025-07-27
803,Explorer,D18,72894,324,P0128,2025-07-25
804,Explorer,D4,9919,402,P0420,2026-02-19
805,Explorer,D25,107362,587,B0100,2026-03-09
806,Explorer,D46,105774,743,C0040,2025-09-08
807,Explorer,D32,92409,660,P0171,2025-09-04
808,Explorer,D31,145149,598,P0133,2025-10-13
809,Explorer,D28,58246,290,P0301,2025-10-08
810,Explorer,D26,107263,617,P0133,2025-12-03
811,Explorer,D5,NA,275,B0100,2025-11-08
812,Explorer,D35,133249,565,P0133,2026-03-02
813,Explorer,D15,14710,595,P0420,2025-08-15
814,Explorer,D1,35982,785,C0040,2025-12-24
815,Explorer,D15,68617,-383,P0420,2025-10-04
816,Explorer,D5,30504,424,P0171,2026-01-15
817,Explorer,D3,34931,475,P0301,2025-08-04
818,Explorer,D10,93432,661,B0100,2025-06-04
819,Explorer,D32,41000,468,B0100,2025-12-12
820,Explorer,D42,92950,530,P0401,2025-12-14
821,Explorer,D2,101974,699,B0100,2026-02-18
822,Explorer,D31,39962,635,P0420,2025-07-04
823,Explorer,D40,NA,433,B0100,2025-10-16
824,Explorer,D48,114110,737,P0301,2025-12-27
825,Explorer,D34,14862,761,P0171,2025-04-23
826,Explorer,D29,83957,254,P0301,2026-01-09
827,Explorer,D27,143988,620,C0040,2025-06-24
828,Explorer,D16,62481,463,P0301,2026-01-12
829,Explorer,D12,44116,735,P0300,2025-04-01
830,Explorer,D4,100471,695,B0100,2025-07-21
831,Explorer,D7,18751,430,P0420,2025-07-05
832,Explorer,D8,57101,583,P0171,2025-09-25
833,Explorer,D5,64711,672,P0401,2025-11-18
834,Explorer,D16,24275,746,P0401,2025-12-26
835,Explorer,D47,61666,715,P0340,2025-12-31
836,Explorer,D29,124993,617,P0301,2025-09-20
837,Explorer,D38,NA,311,P0171,2025-07-15
838,Explorer,D45,125213,601,P0128,2025-05-05
839,Explorer,D21,46101,424,C0040,2025-11-13
840,Explorer,D27,27668,784,P0301,2025-05-12
841,Explorer,D30,118835,402,P0420,2025-08-09
842,Explorer,D18,NA,731,C0040,2026-02-21
843,Explorer,D1,116594,740,P0171,2025-07-22
844,Explorer,D47,134836,262,P0401,2025-11-19
845,Explorer,D28,39789,494,P0171,2026-03-02
846,Explorer,D16,130772,415,B0100,2025-05-16
847,Explorer,D45,11399,724,P0401,2025-12-06
848,Explorer,D21,102103,251,P0171,2025-08-25
849,Explorer,D34,147196,462,P0171,2025-04-27
850,Explorer,D3,93000,306,P0340,2026-02-12
851,Explorer,D19,34089,726,P0340,2025-09-04
852,Explorer,D28,50945,318,P0301,2025-12-30
853,Explorer,D18,92799,366,B0100,2025-03-16
854,Explorer,D45,59996,480,P0128,2025-06-26
855,Explorer,D18,136452,375,C0040,2025-03-28
856,Explorer,D4,144684,712,P0171,2025-12-04
857,Explorer,D5,125028,650,P0128,2026-01-30
858,Explorer,D24,33669,364,P0133,2025-12-23
859,Explorer,D23,58544,273,C0040,2026-01-02
860,Explorer,D29,129231,704,P0420,2025-10-12
861,Explorer,D32,54561,487,C0040,2025-04-14
862,Explorer,D27,132440,792,P0133,2025-07-19
863,Explorer,D38,84713,563,P0128,2025-11-14
864,Explorer,D22,131941,545,P0420,2025-12-25
865,Explorer,D42,97568,420,P0300,2025-03-11
866,Explorer,D47,145330,429,P0300,2025-12-18
867,Explorer,D21,67365,574,P0133,2025-10-28
868,Explorer,D12,88084,401,C0040,2025-12-17
869,Explorer,D14,144891,275,P0133,2025-12-26
870,Explorer,D36,125072,-409,C0040,2025-06-24
871,Explorer,D46,91843,552,P0128,2025-05-21
872,Explorer,D3,43557,702,P0171,2025-07-08
873,Explorer,D43,15506,369,P0401,2025-04-28
874,Explorer,D29,19426,449,P0301,2025-10-19
875,Explorer,D23,NA,706,P0171,2025-06-21
876,Explorer,D6,108395,575,C0040,2026-02-10
877,Explorer,D21,99650,687,P0340,2026-03-04
878,Explorer,D23,61543,704,P0401,2025-07-27
879,Explorer,D20,80663,684,P0401,2025-12-29
880,Explorer,D29,27564,560,C0040,2025-09-20
881,Explorer,D36,22331,634,P0401,2025-04-17
882,Explorer,D6,76651,723,P0300,2025-11-28
883,EdgeSUV,D25,NA,559,P0128,2025-07-01
884,EdgeSUV,D19,126491,252,P0128,2025-04-17
885,EdgeSUV,D36,128873,544,P0133,2025-03-23
886,EdgeSUV,D2,134250,318,P0340,2025-05-17
887,EdgeSUV,D8,130956,514,P0133,2025-03-20
888,EdgeSUV,D49,36348,267,P0300,2025-05-17
889,EdgeSUV,D18,20338,722,P0300,2025-09-09
890,EdgeSUV,D4,114973,614,P0128,2025-06-12
891,EdgeSUV,D18,25139,437,B0100,2025-12-15
892,EdgeSUV,D24,147530,573,P0128,2025-10-23
893,EdgeSUV,D7,40900,631,P0401,2025-09-17
894,EdgeSUV,D35,47737,408,P0301,2025-05-28
895,EdgeSUV,D38,142796,366,P0171,2026-01-10
896,EdgeSUV,D23,39401,741,P0340,2025-12-29
897,EdgeSUV,D10,120851,785,P0340,2025-12-12
898,EdgeSUV,D1,NA,371,P0300,2025-03-23
899,EdgeSUV,D20,116360,364,P0133,2025-08-02
900,EdgeSUV,D9,16145,283,C0040,2025-05-11
901,EdgeSUV,D14,20536,509,P0128,2025-04-03
902,EdgeSUV,D6,7692,376,P0301,2025-05-14
903,EdgeSUV,D12,28797,534,P0340,2025-09-11
904,EdgeSUV,D43,47089,497,P0171,2026-01-19
905,EdgeSUV,D23,8665,446,P0300,2025-06-08
906,EdgeSUV,D2,6134,351,C0040,2025-03-13
907,EdgeSUV,D24,98014,684,P0301,2025-08-14
908,EdgeSUV,D45,34581,571,P0171,2025-06-17
909,EdgeSUV,D38,40628,619,C0040,2026-02-18
910,EdgeSUV,D12,26560,368,P0133,2025-05-07
911,EdgeSUV,D29,86790,704,P0401,2025-10-13
912,EdgeSUV,D44,117187,321,P0133,2025-03-28
913,EdgeSUV,D7,101322,753,P0401,2025-07-29
914,EdgeSUV,D47,142012,337,P0401,2025-08-17
915,EdgeSUV,D7,37181,684,P0128,2025-05-17
916,EdgeSUV,D48,76558,659,B0100,2025-08-15
917,EdgeSUV,D11,132017,400,P0171,2026-01-07
918,EdgeSUV,D5,70716,486,P0300,2026-02-23
919,EdgeSUV,D24,31110,319,P0420,2025-12-09
920,EdgeSUV,D13,105304,584,B0100,2025-04-25
921,EdgeSUV,D22,30253,782,P0133,2025-11-27
922,EdgeSUV,D45,81955,752,C0040,2025-09-16
923,EdgeSUV,D39,146696,282,P0171,2025-08-26
924,EdgeSUV,D26,122995,635,P0420,2026-02-22
925,EdgeSUV,D36,84441,418,P0300,2025-10-02
926,EdgeSUV,D43,106995,362,P0133,2025-04-07
927,EdgeSUV,D50,146398,737,P0300,2025-06-24
928,EdgeSUV,D26,74046,636,P0340,2025-10-16
929,EdgeSUV,D4,96455,277,P0340,2025-08-28
930,EdgeSUV,D2,30519,615,P0420,2025-04-06
931,EdgeSUV,D38,69023,569,P0171,2025-10-05
932,EdgeSUV,D3,35007,270,P0420,2025-07-18
933,EdgeSUV,D9,115748,681,P0133,2025-05-13
934,EdgeSUV,D24,10829,636,P0340,2025-05-21
935,EdgeSUV,D32,58977,764,P0340,2025-12-15
936,EdgeSUV,D7,83517,696,P0171,2025-06-09
937,EdgeSUV,D19,110389,344,B0100,2026-01-21
938,EdgeSUV,D17,93300,793,P0301,2025-09-14
939,EdgeSUV,D4,25096,559,P0128,2025-08-01
940,EdgeSUV,D20,146544,674,B0100,2025-06-20
941,EdgeSUV,D43,135863,728,C0040,2025-04-30
942,EdgeSUV,D49,118698,311,P0340,2025-07-17
943,EdgeSUV,D36,43730,557,P0401,2025-09-28
944,EdgeSUV,D12,21889,672,P0128,2025-04-14
945,EdgeSUV,D2,47096,491,P0171,2025-12-24
946,EdgeSUV,D41,NA,567,C0040,2025-07-30
947,EdgeSUV,D34,115629,287,P0128,2025-12-31
948,EdgeSUV,D47,12639,534,P0300,2025-04-15
949,EdgeSUV,D47,132360,306,P0171,2025-10-01
950,EdgeSUV,D20,34342,762,C0040,2025-04-04
951,EdgeSUV,D5,142693,342,P0171,2025-10-01
952,EdgeSUV,D27,91320,649,P0301,2025-08-06
953,EdgeSUV,D24,62149,429,P0128,2025-07-28
954,EdgeSUV,D43,112053,307,P0340,2025-03-17
955,EdgeSUV,D46,34612,683,P0301,2025-10-19
956,EdgeSUV,D6,42987,626,P0420,2025-04-14
957,EdgeSUV,D26,14125,305,P0301,2025-11-01
958,EdgeSUV,D9,149894,621,P0171,2025-06-10
959,EdgeSUV,D16,66966,-647,P0401,2025-10-31
960,Ranger,D6,47002,574,P0401,2026-02-21
961,Ranger,D49,76837,753,P0401,2025-09-21
962,Ranger,D16,115720,352,P0128,2025-06-24
963,Ranger,D20,22397,584,P0420,2026-02-12
964,Ranger,D14,53166,-389,P0301,2025-04-23
965,Ranger,D21,70432,383,P0401,2025-09-28
966,Ranger,D37,123355,386,B0100,2025-09-24
967,Ranger,D6,78871,674,P0401,2025-08-29
968,Ranger,D8,NA,273,B0100,2025-04-24
969,Ranger,D11,64954,723,P0300,2026-02-13
970,Ranger,D40,49596,-370,C0040,2025-07-31
971,Ranger,D28,123936,756,P0301,2025-12-03
972,Ranger,D39,74783,756,P0401,2025-11-25
973,Ranger,D17,61509,539,P0301,2025-08-08
974,Ranger,D10,52282,-399,P0128,2025-11-10
975,Ranger,D6,123220,628,P0133,2026-01-26
976,Ranger,D24,7705,581,P0401,2025-03-24
977,Ranger,D46,72168,310,P0301,2025-07-12
978,Ranger,D25,97878,-296,C0040,2025-04-27
979,Ranger,D28,104860,654,P0300,2025-05-28
980,Ranger,D48,15780,516,P0133,2025-09-18
981,Ranger,D9,35629,380,P0128,2025-09-07
982,Ranger,D6,117744,519,P0128,2025-06-19
983,Ranger,D21,87053,418,P0133,2025-12-23
984,Ranger,D46,120340,402,P0300,2026-02-20
985,Ranger,D34,128272,728,P0133,2026-02-18
986,Ranger,D28,120741,746,P0171,2025-12-25
987,Ranger,D10,37415,458,P0300,2025-12-14
988,Ranger,D17,138362,467,P0420,2025-06-14
989,Ranger,D12,36979,358,P0300,2026-02-24
990,Ranger,D27,26250,741,P0128,2025-05-10
991,Ranger,D5,6521,294,P0133,2025-09-25
992,Ranger,D16,38900,299,P0128,2025-09-26
993,Ranger,D32,19558,640,P0128,2025-12-09
994,Ranger,D44,67935,658,P0301,2025-12-17
995,Ranger,D7,106843,541,P0300,2026-01-08
996,Ranger,D22,83262,692,P0128,2025-03-25
997,Ranger,D2,39416,348,C0040,2025-11-28
998,Ranger,D19,133351,647,B0100,2025-05-07
999,Ranger,D6,116677,775,P0133,2025-03-29
1000,Ranger,D49,63780,408,C0040,2025-04-22
1001,Ranger,D28,142541,729,P0133,2025-10-08
1002,Ranger,D24,43956,557,C0040,2025-08-04
1003,Ranger,D40,82458,328,C0040,2026-01-14
1004,Ranger,D12,138864,346,B0100,2025-11-01
1005,Ranger,D48,98181,333,P0420,2026-01-11
1006,Ranger,D12,124275,710,P0128,2025-09-17
1007,Ranger,D50,54071,330,B0100,2025-10-29
1008,Ranger,D26,32873,-268,P0171,2026-03-04
1009,Ranger,D3,50019,721,B0100,2025-07-04
1010,Ranger,D6,84377,619,P0401,2025-10-07
1011,Ranger,D27,27973,264,P0420,2025-03-19
1012,Ranger,D20,54341,464,P0300,2025-04-12
1013,Ranger,D21,68381,445,P0133,2025-12-25
1014,Ranger,D28,NA,710,P0301,2025-10-11
1015,Ranger,D2,107690,258,P0401,2025-08-10
1016,Ranger,D8,134945,547,P0401,2025-07-05
1017,Ranger,D11,139573,749,P0420,2025-06-13
1018,Ranger,D10,9985,573,P0128,2025-04-13
1019,Ranger,D45,114350,369,P0340,2025-07-24
1020,Ranger,D29,NA,544,P0133,2025-09-15
1021,Ranger,D32,119848,474,P0340,2025-05-06
1022,Ranger,D9,99438,415,P0128,2025-03-22
1023,Ranger,D19,27594,382,P0300,2025-05-04
1024,Ranger,D47,134023,675,P0133,2025-10-06
1025,Ranger,D46,66530,298,P0340,2025-10-28
1026,Ranger,D25,98596,428,C0040,2026-02-22
1027,Ranger,D27,21689,366,P0171,2025-05-27
1028,Ranger,D44,63745,598,P0420,2025-05-29
1029,Ranger,D42,75121,777,P0171,2025-03-14
1030,Ranger,D29,124835,363,B0100,2025-05-02
1031,Ranger,D36,137987,370,P0340,2025-12-20
1032,Ranger,D3,81578,768,P0171,2025-12-22
1033,Ranger,D22,6726,735,C0040,2025-12-13
1034,Ranger,D9,27343,674,P0301,2025-12-23
1035,Ranger,D8,143844,483,P0401,2025-08-11
1036,Ranger,D13,112297,778,P0340,2026-02-23
1037,Ranger,D29,121019,260,C0040,2026-02-03
1038,Ranger,D27,27224,661,P0300,2025-07-31
1039,Ranger,D26,14723,404,P0420,2025-04-21
1040,Ranger,D19,7071,790,P0300,2025-03-17
1041,Ranger,D27,110889,460,B0100,2025-04-28
1042,Ranger,D26,120905,664,P0128,2026-01-26
1043,Ranger,D44,14691,649,P0300,2025-06-17
1044,Ranger,D45,146764,345,P0128,2025-06-17
1045,Ranger,D36,94314,-413,C0040,2025-05-11
1046,Ranger,D20,72814,561,C0040,2026-01-13
1047,Ranger,D21,20714,515,P0340,2026-01-06
1048,Ranger,D23,17512,377,B0100,2026-03-08
1049,Ranger,D22,66299,541,B0100,2025-03-31
1050,Ranger,D16,41692,782,P0171,2025-09-24
1051,Ranger,D48,140384,619,P0300,2025-03-11
1052,Ranger,D38,116592,333,P0401,2026-01-03
1053,Ranger,D37,129846,329,C0040,2025-08-16
1054,Ranger,D41,141038,520,P0401,2025-07-28
1055,Ranger,D43,133330,676,P0300,2025-06-25
1056,Ranger,D35,38324,718,C0040,2025-06-13
1057,Ranger,D45,124388,410,P0340,2026-01-09
1058,Ranger,D14,112117,628,P0420,2025-06-16
1059,Ranger,D8,103162,-747,P0300,2025-12-28
1060,Ranger,D24,NA,562,P0301,2025-12-07
1061,Ranger,D20,NA,607,P0420,2025-08-09
1062,Ranger,D37,39815,766,P0133,2025-04-03
1063,Ranger,D20,122722,583,B0100,2025-04-04
1064,Ranger,D50,112381,654,P0420,2025-04-01
1065,Ranger,D29,121155,340,P0420,2025-05-22
1066,Ranger,D22,85962,376,P0171,2025-12-02
1067,Ranger,D25,147038,304,C0040,2025-12-04
1068,Ranger,D31,129737,269,C0040,2025-12-08
1069,Ranger,D39,9973,460,B0100,2025-07-26
1070,Fiesta,D35,88999,296,P0420,2025-09-17
1071,Fiesta,D39,119561,274,P0340,2025-08-27
1072,Fiesta,D6,79803,511,P0300,2025-10-04
1073,Fiesta,D8,111765,310,P0340,2025-12-08
1074,Fiesta,D7,12122,555,P0340,2025-12-28
1075,Fiesta,D35,113219,514,P0171,2026-02-12
1076,Fiesta,D11,58099,492,C0040,2025-08-25
1077,Fiesta,D18,88449,666,P0420,2025-08-14
1078,Fiesta,D4,66273,269,B0100,2025-03-30
1079,Fiesta,D16,37917,666,C0040,2025-11-26
1080,Fiesta,D49,42320,422,C0040,2025-08-06
1081,Fiesta,D29,20774,743,P0128,2025-03-27
1082,Fiesta,D3,104654,467,C0040,2025-10-17
1083,Fiesta,D1,16923,796,P0128,2026-01-24
1084,Fiesta,D30,108626,393,P0128,2025-08-01
1085,Fiesta,D40,60273,575,P0340,2025-04-19
1086,Fiesta,D19,73514,713,P0340,2025-09-17
1087,Fiesta,D42,60213,-586,P0300,2025-04-14
1088,Fiesta,D11,5536,254,P0300,2025-08-11
1089,Fiesta,D48,133182,333,P0171,2025-06-08
1090,Fiesta,D43,121700,611,P0401,2025-05-07
1091,Fiesta,D25,102119,-705,P0420,2025-10-18
1092,Fiesta,D12,98800,560,P0301,2025-11-11
1093,Fiesta,D45,134448,287,B0100,2025-11-23
1094,Fiesta,D1,6870,655,P0128,2025-05-23
1095,Fiesta,D8,136157,448,B0100,2025-03-31
1096,Fiesta,D30,51013,381,P0300,2025-10-29
1097,Fiesta,D15,NA,687,P0420,2025-09-26
1098,Fiesta,D34,118389,666,C0040,2025-07-15
1099,Fiesta,D47,134911,294,P0301,2026-02-14
1100,Fiesta,D18,77858,795,P0420,2025-08-22
1101,Fiesta,D13,56015,275,P0301,2025-03-22
1102,Fiesta,D44,116101,505,P0340,2025-10-02
1103,Fiesta,D2,21474,-349,P0401,2026-02-26
1104,Fiesta,D35,92635,503,P0301,2025-09-17
1105,Fiesta,D40,19269,782,P0171,2025-05-07
1106,Fiesta,D17,119957,707,P0171,2026-02-07
1107,Fiesta,D25,87124,316,P0420,2025-07-27
1108,Fiesta,D20,118204,307,P0128,2025-08-27
1109,Fiesta,D7,7780,725,B0100,2025-04-27
1110,Fiesta,D40,31549,276,P0340,2025-05-14
1111,Fiesta,D27,55457,262,P0171,2025-05-11
1112,Fiesta,D15,55754,379,P0128,2025-09-10
1113,Fiesta,D39,115364,705,P0300,2026-02-16
1114,Fiesta,D43,20857,696,P0340,2025-10-02
1115,Fiesta,D49,146857,400,B0100,2025-09-16
1116,Fiesta,D24,42906,769,C0040,2026-02-11
1117,Fiesta,D1,115640,455,P0301,2026-02-03
1118,Fiesta,D34,94535,737,P0133,2025-05-07
1119,Fiesta,D38,91807,593,P0401,2025-09-23
1120,Fiesta,D43,47540,293,P0420,2025-04-17
1121,Fiesta,D45,60872,589,P0401,2025-11-25
1122,Fiesta,D15,109939,256,P0171,2025-09-08
1123,Fiesta,D30,12868,395,P0301,2025-04-21
1124,Fiesta,D40,NA,280,P0128,2025-12-11
1125,Fiesta,D17,69478,272,P0128,2026-01-18
1126,Fiesta,D47,10503,390,P0171,2025-09-18
1127,Fiesta,D12,60112,495,P0340,2025-04-06
1128,Fiesta,D22,49920,694,P0171,2026-01-09
